<?xml version="1.0" encoding="UTF-8"?>
<project-private xmlns="http://www.netbeans.org/ns/project-private/1">
    <editor-bookmarks xmlns="http://www.netbeans.org/ns/editor-bookmarks/2" lastBookmarkId="0"/>
    <open-files xmlns="http://www.netbeans.org/ns/projectui-open-files/2">
        <group>
            <file>file:/C:/Users/Research/Documents/NetBeansProjects/MyAlgorithim_in_jsp/web/binary.jsp</file>
            <file>file:/C:/Users/Research/Documents/NetBeansProjects/MyAlgorithim_in_jsp/web/header.jsp</file>
            <file>file:/C:/Users/Research/Documents/NetBeansProjects/MyAlgorithim_in_jsp/web/index.html</file>
            <file>file:/C:/Users/Research/Documents/NetBeansProjects/MyAlgorithim_in_jsp/src/java/db/DBConn.java</file>
        </group>
    </open-files>
</project-private>
